URL,Label
https://www.icicibank.com,0
http://stack0verfl0w.com/signin,1
http://login-amazon.net/account,1
http://hdfcbank.verify-user.in,1
http://update-google-user.ru,1
http://paypal.secure-session.co,1
https://www.reddit.com,0
https://www.github.com,0
http://linkedln-access.com,1
https://www.wikipedia.org,0
http://hdfcbank.verify-user.in,1
http://secure-paypa1.com/login,1
https://www.linkedin.com,0
http://icicibank-login-alert.in,1
http://paypal.secure-session.co,1
http://secure-paypa1.com/login,1
http://linkedln-access.com,1
http://applle-helpdesk.com,1
http://github-login.verify.tk,1
https://www.reddit.com,0
http://secure-paypa1.com/login,1
http://paypal.secure-session.co,1
http://stack0verfl0w.com/signin,1
http://github-login.verify.tk,1
https://www.hdfcbank.com,0
https://google.com,0
https://www.hdfcbank.com,0
http://stack0verfl0w.com/signin,1
http://micr0soft-support.co,1
https://www.stackoverflow.com,0
http://reddlt-login.co,1
http://icicibank-login-alert.in,1
http://secure-paypa1.com/login,1
http://github-login.verify.tk,1
https://www.hdfcbank.com,0
https://www.microsoft.com,0
https://www.stackoverflow.com,0
https://www.hdfcbank.com,0
https://www.wikipedia.org,0
https://www.amazon.com,0
https://www.linkedin.com,0
http://reddlt-login.co,1
http://applle-helpdesk.com,1
https://www.amazon.com,0
http://github-login.verify.tk,1
http://update-google-user.ru,1
https://www.stackoverflow.com,0
http://hdfcbank.verify-user.in,1
https://www.stackoverflow.com,0
https://www.stackoverflow.com,0
http://secure-paypa1.com/login,1
http://applle-helpdesk.com,1
https://www.hdfcbank.com,0
https://www.amazon.com,0
http://secure-paypa1.com/login,1
http://linkedln-access.com,1
https://www.wikipedia.org,0
http://icicibank-login-alert.in,1
https://www.amazon.com,0
http://micr0soft-support.co,1
http://hdfcbank.verify-user.in,1
https://www.github.com,0
https://www.github.com,0
https://www.microsoft.com,0
http://login-amazon.net/account,1
https://www.apple.com,0
http://stack0verfl0w.com/signin,1
http://login-amazon.net/account,1
http://login-amazon.net/account,1
https://www.reddit.com,0
http://update-google-user.ru,1
https://www.hdfcbank.com,0
https://www.icicibank.com,0
https://www.linkedin.com,0
https://www.linkedin.com,0
http://paypal.secure-session.co,1
http://github-login.verify.tk,1
https://www.icicibank.com,0
https://www.reddit.com,0
https://www.linkedin.com,0
http://login-amazon.net/account,1
http://applle-helpdesk.com,1
https://www.microsoft.com,0
https://www.icicibank.com,0
http://github-login.verify.tk,1
http://icicibank-login-alert.in,1
https://www.microsoft.com,0
https://www.apple.com,0
https://www.reddit.com,0
https://www.hdfcbank.com,0
https://www.wikipedia.org,0
http://github-login.verify.tk,1
https://www.microsoft.com,0
https://www.github.com,0
http://icicibank-login-alert.in,1
http://applle-helpdesk.com,1
http://github-login.verify.tk,1
https://www.linkedin.com,0
http://github-login.verify.tk,1
https://www.google.com,0
http://login-amazon.net/account,1
https://www.amazon.com,0
https://www.apple.com,0
https://www.microsoft.com,0
https://www.stackoverflow.com,0
http://hdfcbank.verify-user.in,1
https://www.microsoft.com,0
https://www.linkedin.com,0
https://www.wikipedia.org,0
http://paypal.secure-session.co,1
https://www.paypal.com,0
https://www.wikipedia.org,0
http://applle-helpdesk.com,1
http://micr0soft-support.co,1
http://update-google-user.ru,1
http://update-google-user.ru,1
http://update-google-user.ru,1
https://www.wikipedia.org,0
https://www.google.com,0
https://www.paypal.com,0
https://www.microsoft.com,0
http://paypal.secure-session.co,1
https://www.github.com,0
http://stack0verfl0w.com/signin,1
https://www.hdfcbank.com,0
https://www.paypal.com,0
http://secure-paypa1.com/login,1
https://www.reddit.com,0
https://www.paypal.com,0
http://applle-helpdesk.com,1
https://www.amazon.com,0
https://www.reddit.com,0
https://www.paypal.com,0
http://reddlt-login.co,1
http://reddlt-login.co,1
http://stack0verfl0w.com/signin,1
https://www.icicibank.com,0
https://www.google.com,0
https://www.wikipedia.org,0
https://www.reddit.com,0
http://update-google-user.ru,1
https://www.google.com,0
http://stack0verfl0w.com/signin,1
http://micr0soft-support.co,1
http://reddlt-login.co,1
http://hdfcbank.verify-user.in,1
https://www.github.com,0
https://www.google.com,0
http://icicibank-login-alert.in,1
https://www.amazon.com,0
http://icicibank-login-alert.in,1
http://micr0soft-support.co,1
https://www.paypal.com,0
https://www.google.com,0
http://reddlt-login.co,1
http://hdfcbank.verify-user.in,1
https://www.icicibank.com,0
http://stack0verfl0w.com/signin,1
https://www.stackoverflow.com,0
http://update-google-user.ru,1
https://www.apple.com,0
http://icicibank-login-alert.in,1
http://icicibank-login-alert.in,1
http://login-amazon.net/account,1
http://applle-helpdesk.com,1
https://www.google.com,0
https://www.github.com,0
http://linkedln-access.com,1
https://www.google.com,0
http://reddlt-login.co,1
https://www.apple.com,0
http://github-login.verify.tk,1
https://www.stackoverflow.com,0
https://www.apple.com,0
https://www.amazon.com,0
https://www.amazon.com,0
https://www.hdfcbank.com,0
http://stack0verfl0w.com/signin,1
http://paypal.secure-session.co,1
https://www.reddit.com,0
http://hdfcbank.verify-user.in,1
http://reddlt-login.co,1
http://update-google-user.ru,1
https://www.paypal.com,0
http://applle-helpdesk.com,1
https://www.stackoverflow.com,0
https://www.paypal.com,0
http://login-amazon.net/account,1
https://www.wikipedia.org,0
http://hdfcbank.verify-user.in,1
https://www.apple.com,0
http://linkedln-access.com,1
http://micr0soft-support.co,1
http://reddlt-login.co,1
https://www.paypal.com,0
http://login-amazon.net/account,1
https://www.google.com,0
http://micr0soft-support.co,1
http://secure-paypa1.com/login,1
http://linkedln-access.com,1
http://micr0soft-support.co,1
https://www.hdfcbank.com,0
https://www.icicibank.com,0
https://www.apple.com,0
https://www.reddit.com,0
https://www.github.com,0
https://www.github.com,0
https://www.icicibank.com,0
https://www.github.com,0
http://secure-paypa1.com/login,1
http://paypal.secure-session.co,1
https://www.apple.com,0
https://www.stackoverflow.com,0
https://www.amazon.com,0
http://linkedln-access.com,1
http://micr0soft-support.co,1
https://www.linkedin.com,0
https://www.linkedin.com,0
http://micr0soft-support.co,1
https://www.apple.com,0
http://reddlt-login.co,1
http://icicibank-login-alert.in,1
http://secure-paypa1.com/login,1
https://www.wikipedia.org,0
http://hdfcbank.verify-user.in,1
http://paypal.secure-session.co,1
http://update-google-user.ru,1
https://www.microsoft.com,0
http://linkedln-access.com,1
http://paypal.secure-session.co,1
https://www.icicibank.com,0
https://www.icicibank.com,0
https://www.microsoft.com,0
http://linkedln-access.com,1
http://applle-helpdesk.com,1
https://www.paypal.com,0
http://login-amazon.net/account,1
http://linkedln-access.com,1
http://stack0verfl0w.com/signin,1
https://www.linkedin.com,0
